"Name","Gender","Year","YoY_change","Billboard_Link","HBO_Link"
"Marquita","F",1983,2527.08333333333,TRUE,TRUE
"Woodrow","M",1912,2126.82926829268,TRUE,TRUE
"Nevaeh","F",2001,2124.52830188679,TRUE,TRUE
"Tammy","F",1957,2038.72549019608,TRUE,TRUE
"Devante","M",1992,1703.48837209302,TRUE,TRUE
"Kiara","F",1989,1417.54385964912,TRUE,TRUE
"Jayceon","M",2013,1327.34375,TRUE,TRUE
"Tennille","F",1976,1288.67924528302,TRUE,TRUE
"Dawson","M",1998,1235.4609929078,TRUE,TRUE
"Desiree","F",1955,1214.54545454545,TRUE,TRUE
